{"Train Loss": 0.006552793181357242, "Epoch": 79, "_timestamp": 1667770673, "_runtime": 357, "_step": 239, "Test Loss": 0.003112764692516618, "Acc Train Loss": 11.0545654296875, "_wandb": {"runtime": 358}}